TAHUN;NAMA PROVINSI;NAMA KABUPATEN/KOTA;NAMA KECAMATAN;NAMA KELURAHAN;JUMLAH KK;LUAS WILAYAH (KM2);KEPADATAN (JIWA/KM2);15-19 Laki-Laki;15-19 Perempuan;20-24 Laki-Laki;20-24 Perempuan;25-29 Laki-Laki;25-29 Perempuan;30-34 Laki-Laki;30-34 Perempuan;35-39 Laki-Laki;35-39 Perempuan;40-44 Laki-Laki;40-44 Perempuan;45-49 Laki-Laki;45-49 Perempuan;50-54 Laki-Laki;50-54 Perempuan;55-59 Laki-Laki;55-59 Perempuan;60-64 Laki-Laki;60-64 Perempuan;>65 Laki-Laki;>65 Perempuan;JUMLAH RT;JUMLAH RW;JUMLAH KELAHIRAN;JUMLAH KEMATIAN
2017;PROVINSI DKI JAKARTA;JAKARTA UTARA;PADEMANGAN;ANCOL;9733;3.7728;7652;1170;1005;1123;1018;1154;1104;1449;1422;1585;1422;1346;1180;1185;1001;885;830;696;620;394;347;562;521;74;7;418;108
2017;PROVINSI DKI JAKARTA;JAKARTA BARAT;TAMBORA;ANGKE;11612;0.7779;44560;1199;1100;1393;1253;1390;1435;1782;1613;1834;1619;1524;1421;1454;1315;1198;1034;940;860;631;599;778;989;140;11;356;189
2017;PROVINSI DKI JAKARTA;JAKARTA TIMUR;KRAMAT JATI;BALE KAMBANG;9925;1.6745;19160;1272;1190;1273;1230;1264;1282;1427;1444;1573;1549;1448;1438;1307;1236;960;971;706;711;519;502;579;594;53;5;437;141
2017;PROVINSI DKI JAKARTA;JAKARTA TIMUR;JATINEGARA;BALI MESTER;3996;0.6737;16758;413;388;466;397;416;431;428;418;468;488;424;457;454;442;456;445;383;326;264;298;418;472;74;6;123;75
2017;PROVINSI DKI JAKARTA;JAKARTA TIMUR;CIPAYUNG;BAMBU APUS;9086;3.1652;9147;1095;1072;1203;1147;1178;1213;1247;1366;1398;1406;1280;1191;1084;1091;925;902;685;812;466;365;543;460;65;5;358;154
2017;PROVINSI DKI JAKARTA;JAKARTA SELATAN;MAMPANG PRAPATAN;BANGKA;8352;3.2967;7658;1021;926;1019;890;975;1015;1045;1079;1202;1183;1131;1104;1044;1023;941;881;628;619;439;378;463;495;66;5;304;73
2017;PROVINSI DKI JAKARTA;JAKARTA TIMUR;PASAR REBO;BARU;8146;1.8885;14377;1044;941;1042;928;1138;1118;1228;1314;1228;1536;1565;1223;1065;935;696;767;633;506;310;299;376;377;80;10;424;105
2017;PROVINSI DKI JAKARTA;JAKARTA TIMUR;KRAMAT JATI;BATU AMPAR;16795;2.55025;21095;2052;2061;2031;1983;2047;2123;2341;2484;2719;2793;2364;2395;2108;2012;1588;1565;1190;1264;822;829;1114;1073;86;6;713;246
2017;PROVINSI DKI JAKARTA;JAKARTA PUSAT;TANAH ABANG;BENDUNGAN HILIR;9676;1.5816;17003;1108;981;983;972;973;859;1031;1078;1102;1188;1146;1140;1162;1187;1081;1053;858;764;485;485;743;1038;124;9;276;139
2017;PROVINSI DKI JAKARTA;JAKARTA TIMUR;JATINEGARA;BIDARA CINA;14752;1.261;34445;1686;1605;1654;1644;1647;1640;1863;1856;1992;2087;1968;1922;1744;1723;1548;1495;1184;1220;728;829;955;1291;190;16;516;258
2017;PROVINSI DKI JAKARTA;JAKARTA SELATAN;PESANGGRAHAN;BINTARO;18575;4.555;12984;2436;2368;2193;2194;2190;2254;2411;2696;2778;2929;2722;2631;2540;2367;1872;1739;1360;1309;945;979;1309;1464;144;15;654;238
2017;PROVINSI DKI JAKARTA;JAKARTA SELATAN;TEBET;BUKIT DURI;13547;1.0701;38780;1751;1563;1672;1577;1527;1571;1676;1691;1846;1809;1729;1704;1643;1644;1416;1390;1144;1193;752;739;989;1258;152;12;463;266
2017;PROVINSI DKI JAKARTA;JAKARTA PUSAT;SENEN;BUNGUR;8048;0.6264;37011;888;840;838;822;921;892;1118;961;1108;1012;919;894;935;865;789;763;632;641;443;481;701;854;132;10;289;108
2017;PROVINSI DKI JAKARTA;JAKARTA TIMUR;CAKUNG;CAKUNG BARAT;21980;6.1243;10944;2676;2457;2624;2439;2638;2672;3322;3435;3914;4150;3227;3234;2614;2375;1723;1469;1086;1052;747;677;715;660;104;10;956;237
2017;PROVINSI DKI JAKARTA;JAKARTA TIMUR;CAKUNG;CAKUNG TIMUR;20858;9.81038;6773;2554;2548;2635;2531;2716;2746;3404;3425;3537;3716;2923;2845;2502;2368;1812;1705;1338;1434;1004;843;1003;801;145;14;1063;232
2017;PROVINSI DKI JAKARTA;JAKARTA TIMUR;KRAMAT JATI;CAWANG;12977;1.7904;21712;1301;1290;1408;1396;1494;1500;1816;1787;2000;1932;1755;1696;1589;1483;1284;1189;965;1043;625;638;808;941;121;12;447;215
2017;PROVINSI DKI JAKARTA;JAKARTA TIMUR;CIPAYUNG;CEGER;6622;3.626;5848;870;794;892;822;865;848;915;1018;1079;1062;921;939;864;779;635;590;438;455;343;347;387;367;39;5;279;81
2017;PROVINSI DKI JAKARTA;JAKARTA PUSAT;KEMAYORAN;CEMPAKA BARU;13459;0.9933;41319;1728;1627;1441;1451;1459;1457;1652;1691;1917;1858;1831;1841;1832;1644;1319;1277;976;982;658;612;1051;1348;138;10;517;221
2017;PROVINSI DKI JAKARTA;JAKARTA PUSAT;CEMPAKA PUTIH;CEMPAKA PUTIH BARAT;14169;1.2187;35468;1758;1697;1624;1515;1470;1533;1744;1730;1917;2017;1869;1908;1912;1772;1474;1393;1075;1106;709;719;1118;1383;152;13;488;68
2017;PROVINSI DKI JAKARTA;JAKARTA PUSAT;CEMPAKA PUTIH;CEMPAKA PUTIH TIMUR;9738;2.226;13230;1169;1112;1030;1024;967;945;1164;1168;1279;1327;1319;1331;1327;1291;1161;1034;702;764;519;571;1015;1239;106;8;295;92
2017;PROVINSI DKI JAKARTA;JAKARTA BARAT;CENGKARENG;CENGKARENG BARAT;23564;3.6059;20686;2795;2601;2909;2721;3023;2926;3746;3518;3869;3919;3432;3444;3067;2867;2169;2102;1646;1770;1119;1139;1448;1799;182;16;992;397
2017;PROVINSI DKI JAKARTA;JAKARTA BARAT;CENGKARENG;CENGKARENG TIMUR;29591;4.515;20065;3334;3104;3522;3468;3798;3951;4548;4592;4957;4986;4166;3883;3575;3236;2535;2512;1985;1933;1086;1140;1351;1459;230;17;1169;412
2017;PROVINSI DKI JAKARTA;JAKARTA TIMUR;CIRACAS;CIBUBUR;22866;4.5029;16525;2782;2693;2934;2837;2870;2969;3113;3360;3527;3714;3240;3145;2877;2805;2244;2313;1779;1873;1277;1253;1527;1494;153;14;938;313
2017;PROVINSI DKI JAKARTA;JAKARTA PUSAT;GAMBIR;CIDENG;6850;1.2638;15620;686;669;703;659;692;672;815;825;836;888;789;771;826;780;755;690;618;628;471;495;740;1028;114;10;162;53
2017;PROVINSI DKI JAKARTA;JAKARTA SELATAN;JAGAKARSA;CIGANJUR;12739;3.376;12246;1576;1581;1583;1584;1500;1594;1779;1932;2143;2162;1959;1895;1681;1555;1292;1154;927;922;559;531;707;688;63;6;601;167
2017;PROVINSI DKI JAKARTA;JAKARTA TIMUR;PASAR REBO;CIJANTUNG;14427;2.3837;19518;1676;1650;1814;1738;1883;1863;2081;2244;2235;2237;2022;2013;1775;1768;1461;1484;1135;1138;807;775;903;800;110;11;638;183
2017;PROVINSI DKI JAKARTA;JAKARTA PUSAT;MENTENG;CIKINI;3521;0.8209;12534;388;387;390;353;382;382;445;397;449;449;427;424;399;415;359;370;312;327;223;219;291;391;66;5;97;57
2017;PROVINSI DKI JAKARTA;JAKARTA SELATAN;PANCORAN;CIKOKO;4211;0.7169;17652;429;442;442;447;435;435;547;578;670;677;631;552;524;545;412;395;294;332;185;197;308;311;42;5;148;67
2017;PROVINSI DKI JAKARTA;JAKARTA SELATAN;CILANDAK;CILANDAK BARAT;19312;6.046;9755;2395;2314;2158;2159;2049;2120;2286;2481;2773;2931;2693;2672;2625;2570;2067;2007;1533;1521;957;1007;1496;1691;148;13;581;134
2017;PROVINSI DKI JAKARTA;JAKARTA SELATAN;PASAR MINGGU;CILANDAK TIMUR;9588;3.5266;8182;1035;982;1249;983;1199;1118;1481;1365;1507;1478;1325;1343;1179;1081;891;797;644;630;339;358;510;529;72;7;372;138
2017;PROVINSI DKI JAKARTA;JAKARTA TIMUR;CIPAYUNG;CILANGKAP;9012;6.0354;4926;1256;1150;1256;1258;1201;1222;1258;1392;1406;1409;1305;1325;1238;1189;921;820;610;577;356;325;380;403;46;6;467;88
2017;PROVINSI DKI JAKARTA;JAKARTA TIMUR;KRAMAT JATI;CILILITAN;15408;1.76353;26548;1777;1578;1824;1771;1765;1894;2096;2122;2287;2267;2155;2043;1822;1754;1470;1510;1138;1188;740;792;1021;1200;130;16;630;239
2017;PROVINSI DKI JAKARTA;JAKARTA UTARA;CILINCING;CILINCING;16328;6.3125;8356;2038;1989;2152;2051;2290;2214;2576;2540;2771;2732;2189;2120;1814;1635;1306;1306;1076;1150;715;614;805;821;133;10;959;274
2017;PROVINSI DKI JAKARTA;JAKARTA TIMUR;CIPAYUNG;CIPAYUNG;8563;3.085;9501;1174;995;1174;1127;1189;1217;1419;1359;1474;1417;1316;1242;1123;1163;906;864;692;703;479;423;539;538;59;8;389;116
2017;PROVINSI DKI JAKARTA;JAKARTA SELATAN;JAGAKARSA;CIPEDAK;12282;3.9705;10297;1744;1633;1631;1630;1467;1588;1689;1853;1919;2076;1870;1908;1637;1513;1272;1110;934;933;586;533;624;631;64;6;592;168
2017;PROVINSI DKI JAKARTA;JAKARTA SELATAN;CILANDAK;CIPETE SELATAN;10111;2.3223;13420;1214;1138;1218;1173;1184;1144;1330;1328;1416;1479;1377;1379;1264;1310;1144;1145;851;761;488;495;685;829;75;7;359;132
2017;PROVINSI DKI JAKARTA;JAKARTA SELATAN;KEBAYORAN BARU;CIPETE UTARA;12913;1.825;21639;1563;1544;1510;1473;1417;1437;1691;1790;1990;1974;1843;1756;1698;1568;1334;1198;943;939;572;530;803;895;105;11;409;181
2017;PROVINSI DKI JAKARTA;JAKARTA TIMUR;PULO GADUNG;CIPINANG;15493;1.53;30231;1801;1602;1817;1661;1659;1674;1956;2014;2129;2137;2051;2090;2014;2008;1616;1558;1186;1200;673;751;1052;1393;183;18;545;273
2017;PROVINSI DKI JAKARTA;JAKARTA TIMUR;JATINEGARA;CIPINANG BESAR SELATAN;12774;1.6259;24889;1606;1466;1592;1556;1620;1600;1856;1897;1977;1944;1857;1653;1573;1539;1217;1185;985;908;571;624;817;918;130;10;570;185
2017;PROVINSI DKI JAKARTA;JAKARTA TIMUR;JATINEGARA;CIPINANG BESAR UTARA;18332;1.152;49508;2379;2162;2345;2166;2353;2250;2652;2483;2891;2685;2566;2280;2167;2074;1652;1652;1349;1400;868;839;1118;1259;192;14;615;313
2017;PROVINSI DKI JAKARTA;JAKARTA TIMUR;JATINEGARA;CIPINANG CEMPEDAK;12494;1.29;29497;1448;1343;1448;1367;1377;1328;1500;1512;1602;1673;1520;1683;1667;1661;1405;1471;1076;1117;768;794;1096;1488;154;11;445;234
2017;PROVINSI DKI JAKARTA;JAKARTA TIMUR;MAKASAR;CIPINANG MELAYU;15670;2.5279;19525;1901;1819;1874;1733;1738;1918;2126;2256;2434;2454;2125;2065;1966;1908;1537;1586;1180;1369;951;913;1200;1181;135;13;615;217
2017;PROVINSI DKI JAKARTA;JAKARTA TIMUR;JATINEGARA;CIPINANG MUARA;20684;2.895;22161;2295;2221;2351;2195;2418;2385;2897;2970;3312;3380;2932;2835;2500;2390;1862;1850;1515;1650;1106;1200;1802;1821;184;16;828;336
2017;PROVINSI DKI JAKARTA;JAKARTA SELATAN;KEBAYORAN LAMA;CIPULIR;14527;1.933;23622;1811;1759;1698;1698;1660;1697;1903;2000;2282;2337;2181;2096;1969;1800;1442;1391;1087;1096;694;643;959;1041;139;11;452;201
2017;PROVINSI DKI JAKARTA;JAKARTA TIMUR;CIRACAS;CIRACAS;23136;3.9303;18501;3002;2837;3108;2870;2961;3024;3323;3418;3637;3515;3040;3053;2740;2686;2264;2240;1720;1831;1194;1170;1200;1008;142;10;930;360
2017;PROVINSI DKI JAKARTA;JAKARTA TIMUR;KRAMAT JATI;DUKUH;8802;1.9809;14196;1033;1027;1079;993;1094;1117;1240;1379;1443;1378;1247;1217;1073;993;832;828;628;652;416;461;512;503;66;6;419;174
2017;PROVINSI DKI JAKARTA;JAKARTA TIMUR;DUREN SAWIT;DUREN SAWIT;21295;4.5555;15076;2664;2586;2461;2489;2466;2687;3068;3145;3539;3559;3151;3045;2707;2575;1927;2091;1585;1604;1221;1356;1780;1836;182;17;895;279
2017;PROVINSI DKI JAKARTA;JAKARTA SELATAN;PANCORAN;DUREN TIGA;10537;1.924;16882;1239;1121;1266;1230;1195;1190;1294;1383;1552;1614;1448;1490;1490;1367;1188;1025;829;788;445;475;759;922;79;7;367;151
2017;PROVINSI DKI JAKARTA;JAKARTA BARAT;KEBON JERUK;DURI KEPA;22326;3.87;17418;2169;2102;2477;2398;2797;2768;3387;3487;3752;3635;3018;2995;2492;2404;1923;1913;1585;1826;1266;1448;2066;2221;137;14;886;278
2017;PROVINSI DKI JAKARTA;JAKARTA BARAT;CENGKARENG;DURI KOSAMBI;26442;5.91;14568;3332;3312;3528;3502;3758;3791;4135;4186;4373;4370;3668;3444;3224;3077;2484;2438;1963;1996;1276;1186;1332;1403;172;15;1175;324
2017;PROVINSI DKI JAKARTA;JAKARTA PUSAT;GAMBIR;DURI PULO;8023;0.7071;35931;1023;966;973;944;963;943;1127;1016;1212;1121;1035;1046;1029;895;888;829;719;713;464;437;698;838;123;11;254;173
2017;PROVINSI DKI JAKARTA;JAKARTA BARAT;TAMBORA;DURI SELATAN;5431;0.343;49347;601;545;680;646;661;712;775;759;806;826;748;657;719;647;550;520;484;496;296;346;495;611;70;6;192;114
2017;PROVINSI DKI JAKARTA;JAKARTA BARAT;TAMBORA;DURI UTARA;7622;0.405;57775;833;750;882;897;997;900;1077;1138;1180;1170;1044;919;967;879;782;659;645;609;379;405;573;704;93;8;266;119
2017;PROVINSI DKI JAKARTA;JAKARTA PUSAT;JOHAR BARU;GALUR;7328;0.262;87935;953;901;879;860;942;870;1040;1005;1089;1024;1068;926;958;809;766;697;611;538;309;346;497;561;84;7;303;102
2017;PROVINSI DKI JAKARTA;JAKARTA PUSAT;GAMBIR;GAMBIR;1138;2.5828;1241;130;120;125;135;140;100;142;97;144;155;153;117;154;159;136;107;84;104;82;61;92;129;13;3;22;13
2017;PROVINSI DKI JAKARTA;JAKARTA SELATAN;CILANDAK;GANDARIA SELATAN;8237;1.77;14276;987;941;900;962;878;922;1034;1145;1239;1227;1081;1150;1103;1068;891;822;660;632;427;431;553;709;75;7;313;100
2017;PROVINSI DKI JAKARTA;JAKARTA SELATAN;KEBAYORAN BARU;GANDARIA UTARA;14910;1.5207;30067;1777;1759;1702;1621;1583;1646;1899;2029;2153;2236;2047;2098;2056;1966;1598;1615;1206;1109;746;786;1130;1374;147;15;457;230
2017;PROVINSI DKI JAKARTA;JAKARTA TIMUR;PASAR REBO;GEDONG;12770;2.634;15510;1499;1483;1651;1620;1494;1598;1811;1814;1977;1995;1770;1789;1652;1628;1279;1154;965;994;637;699;865;951;117;12;602;163
2017;PROVINSI DKI JAKARTA;JAKARTA PUSAT;TANAH ABANG;GELORA;1421;2.5913;1585;142;133;138;143;144;168;158;160;182;179;201;200;193;170;149;143;109;101;77;74;119;141;12;2;37;23
2017;PROVINSI DKI JAKARTA;JAKARTA BARAT;TAMAN SARI;GLODOK;3220;0.376;23258;224;224;284;311;342;314;351;379;397;356;317;346;308;336;311;331;305;322;306;327;498;670;61;5;74;83
2017;PROVINSI DKI JAKARTA;JAKARTA PUSAT;MENTENG;GONDANGDIA;1614;1.4582;3492;181;158;164;164;174;197;164;217;180;192;183;213;188;197;185;200;172;171;128;159;262;388;40;5;40;30
2017;PROVINSI DKI JAKARTA;JAKARTA BARAT;GROGOL PETAMBURAN;GROGOL;6721;1.2248;16090;591;601;741;711;772;769;879;861;941;945;883;823;884;782;742;733;574;540;388;400;569;834;114;10;220;131
2017;PROVINSI DKI JAKARTA;JAKARTA SELATAN;KEBAYORAN LAMA;GROGOL SELATAN;16235;2.865;177592;1972;1951;2026;1857;1945;1920;2195;2181;2423;2428;2311;2298;2175;2066;1705;1605;1379;1287;766;798;1115;1182;117;11;483;252
2017;PROVINSI DKI JAKARTA;JAKARTA SELATAN;KEBAYORAN LAMA;GROGOL UTARA;16156;3.325;14999;1945;1831;1899;1849;1808;1883;2163;2133;2425;2471;2285;2254;2124;2023;1685;1610;1267;1206;781;710;1085;1288;166;16;480;237
2017;PROVINSI DKI JAKARTA;JAKARTA SELATAN;SETIA BUDI;GUNTUR;1589;0.6594;7005;146;145;170;171;149;164;167;167;188;225;190;192;191;193;176;181;150;150;114;142;194;238;23;3;39;20
2017;PROVINSI DKI JAKARTA;JAKARTA SELATAN;KEBAYORAN BARU;GUNUNG;3521;1.323;8110;398;414;412;433;404;376;413;419;418;442;410;432;438;444;477;417;304;310;233;234;367;430;69;7;96;62
2017;PROVINSI DKI JAKARTA;JAKARTA PUSAT;KEMAYORAN;GUNUNG SAHARI SELATAN;8129;1.531;15950;981;927;950;849;907;834;987;989;1073;1044;983;969;1005;927;866;823;696;730;504;499;773;972;122;10;262;168
2017;PROVINSI DKI JAKARTA;JAKARTA PUSAT;SAWAH BESAR;GUNUNG SAHARI UTARA;7070;1.8967;10938;794;748;788;731;684;699;771;747;794;857;851;855;865;898;763;789;698;672;456;501;839;1087;99;7;173;109
2017;PROVINSI DKI JAKARTA;JAKARTA TIMUR;MAKASAR;HALIM PERDANA KUSUMAH;9185;13.0685;2595;1489;1439;1493;1249;1387;1374;1468;1407;1304;1550;1489;1553;1667;1524;1226;1168;871;701;422;328;414;457;146;16;471;77
2017;PROVINSI DKI JAKARTA;JAKARTA PUSAT;KEMAYORAN;HARAPAN MULIA;9058;0.5345;53491;1143;1055;1074;962;1016;1041;1268;1246;1413;1315;1180;1179;1229;1102;901;822;737;792;471;459;627;876;120;9;372;131
2017;PROVINSI DKI JAKARTA;JAKARTA SELATAN;JAGAKARSA;JAGAKARSA;21080;4.85;14118;2773;2573;2596;2567;2609;2618;2904;3077;3399;3586;3107;3099;2748;2610;2105;1977;1580;1659;1043;1036;1195;1153;82;7;928;287
2017;PROVINSI DKI JAKARTA;JAKARTA TIMUR;PULO GADUNG;JATI;12272;2.155;17695;1434;1323;1363;1354;1172;1325;1438;1625;1702;1785;1750;1815;1749;1667;1227;1303;997;980;658;727;1185;1574;137;11;393;194
2017;PROVINSI DKI JAKARTA;JAKARTA SELATAN;PASAR MINGGU;JATI PADANG;13638;2.4977;17251;1638;1649;1581;1589;1658;1701;1835;1970;2181;2206;1928;1888;1702;1648;1323;1342;1030;1105;701;676;979;1090;101;10;519;242
2017;PROVINSI DKI JAKARTA;JAKARTA BARAT;PALMERAH;JATI PULO;10948;0.876;38276;1165;1103;1320;1331;1348;1294;1537;1526;1697;1615;1413;1388;1327;1294;1144;1039;862;913;532;532;1136;978;150;10;466;212
2017;PROVINSI DKI JAKARTA;JAKARTA TIMUR;CAKUNG;JATINEGARA;32413;6.5975;14699;3734;3374;3690;3632;3879;3865;4853;4848;5477;5444;4660;4455;4111;3625;2828;2573;1986;1856;1147;979;475;503;173;14;1242;295
2017;PROVINSI DKI JAKARTA;JAKARTA TIMUR;PULO GADUNG;JATINEGARA KAUM;9122;1.2345;22801;1056;971;1119;1144;1103;1094;1272;1276;1430;1378;1243;1175;1152;1065;921;857;702;688;407;370;730;927;81;8;372;126
2017;PROVINSI DKI JAKARTA;JAKARTA BARAT;GROGOL PETAMBURAN;JELAMBAR;11471;1.4447;23799;1102;1015;1112;1166;1252;1248;1618;1634;1772;1804;1548;1598;1466;1373;1107;1085;826;940;640;823;1249;1482;139;11;393;189
2017;PROVINSI DKI JAKARTA;JAKARTA BARAT;GROGOL PETAMBURAN;JELAMBAR BARU;14488;1.438;304082;1278;1185;1523;1462;1641;1662;2201;2220;2454;2393;2062;1991;1721;1556;1289;1255;1058;1110;793;1039;1451;1620;142;13;507;227
2017;PROVINSI DKI JAKARTA;JAKARTA BARAT;TAMBORA;JEMBATAN BESI;11919;0.5531;63332;1168;1144;1385;1367;1589;1586;1976;1873;2097;1701;1676;1337;1478;1122;1055;907;813;761;463;431;552;585;100;10;437;150
2017;PROVINSI DKI JAKARTA;JAKARTA BARAT;TAMBORA;JEMBATAN LIMA;8317;0.4631;53515;865;781;993;996;1117;1035;1195;1127;1334;1213;1125;961;999;893;776;721;668;655;437;457;583;751;107;8;300;165
2017;PROVINSI DKI JAKARTA;JAKARTA BARAT;KEMBANGAN;JOGLO;13864;4.859;9338;1733;1513;1704;1669;1664;1828;2065;2218;2375;2443;1971;1943;1804;1634;1289;1251;972;1068;784;832;1067;1001;114;9;613;179
2017;PROVINSI DKI JAKARTA;JAKARTA PUSAT;JOHAR BARU;JOHAR BARU;14666;1.191;38193;1927;1788;1608;1598;1564;1645;1844;1891;2080;2067;1988;1963;1908;1881;1522;1448;1123;1187;800;838;1132;1472;174;11;508;42
2017;PROVINSI DKI JAKARTA;JAKARTA BARAT;TAMBORA;KALI ANYAR;9326;0.318;89714;1001;1001;1144;1061;1260;1254;1580;1394;1608;1437;1376;1176;1119;934;886;754;695;696;374;404;480;535;101;9;418;118
2017;PROVINSI DKI JAKARTA;JAKARTA UTARA;CILINCING;KALI BARU;26576;2.467;34248;3585;3505;3717;3563;3737;3641;4037;3771;4245;4291;3430;3410;2865;2512;2017;1964;1536;1669;923;938;1189;1245;172;14;1413;520
2017;PROVINSI DKI JAKARTA;JAKARTA SELATAN;PANCORAN;KALIBATA;15268;2.286;21175;1826;1747;1737;1763;1792;1869;2238;2259;2402;2406;2211;2159;2085;1847;1456;1473;1082;1184;645;688;1078;1179;133;10;579;200
2017;PROVINSI DKI JAKARTA;JAKARTA BARAT;KALI DERES;KALIDERES;25811;5.7105;14080;3108;3000;3341;3321;3466;3542;3876;3770;4150;4204;3661;3590;3272;3127;2487;2473;1869;1730;1025;986;1232;1255;181;17;1132;288
2017;PROVINSI DKI JAKARTA;JAKARTA TIMUR;PASAR REBO;KALISARI;14321;2.8945;16579;2025;1884;1957;1887;2020;2138;2122;2174;2190;2238;1907;1954;1816;1821;1453;1527;1253;1218;840;673;845;795;103;10;653;186
2017;PROVINSI DKI JAKARTA;JAKARTA BARAT;KALI DERES;KAMAL;18397;4.9027;11859;2465;2224;2555;2499;2547;2590;2961;2908;3056;3088;2546;2446;2250;2013;1551;1456;1083;966;595;516;654;607;102;10;876;254
2017;PROVINSI DKI JAKARTA;JAKARTA UTARA;PENJARINGAN;KAMAL MUARA;4178;10.534;1300;550;521;548;501;599;544;592;639;706;719;564;585;498;459;353;319;264;269;189;176;285;289;45;6;184;57
2017;PROVINSI DKI JAKARTA;JAKARTA PUSAT;TANAH ABANG;KAMPUNG BALI;4948;0.734;20395;602;637;563;524;563;537;546;581;659;631;590;565;567;549;559;518;443;413;307;290;430;566;81;10;169;87
2017;PROVINSI DKI JAKARTA;JAKARTA TIMUR;JATINEGARA;KAMPUNG MELAYU;9935;0.4783;64267;1165;1113;1228;1186;1261;1209;1467;1394;1516;1339;1240;1085;1134;1021;944;940;809;801;547;459;583;738;113;9;380;210
2017;PROVINSI DKI JAKARTA;JAKARTA PUSAT;JOHAR BARU;KAMPUNG RAWA;8521;0.3011;90292;1115;1119;1046;991;1054;1047;1243;1209;1330;1219;1201;1110;1109;956;816;747;666;666;419;394;566;656;104;8;341;124
2017;PROVINSI DKI JAKARTA;JAKARTA TIMUR;KRAMAT JATI;KAMPUNG TENGAH;15690;2.0252;24908;1961;1862;2051;1965;2084;2079;2342;2326;2444;2400;2096;2036;1900;1777;1534;1539;1142;1192;716;710;1874;1714;89;10;624;267
2017;PROVINSI DKI JAKARTA;JAKARTA BARAT;CENGKARENG;KAPUK;49657;5.6268;27370;6043;5718;6195;6192;6714;6748;7902;7818;8502;8260;6938;6405;5836;5306;4361;4185;3450;3236;1938;1686;861;908;222;16;1949;556
2017;PROVINSI DKI JAKARTA;JAKARTA UTARA;PENJARINGAN;KAPUK MUARA;12127;10.055;3872;1513;1439;1500;1426;1591;1554;1861;1925;1989;2015;1630;1566;1389;1340;1088;1060;960;935;670;633;922;1229;110;10;492;137
2017;PROVINSI DKI JAKARTA;JAKARTA PUSAT;SAWAH BESAR;KARANG ANYAR;11575;0.511;65789;1290;1204;1198;1195;1283;1278;1505;1466;1620;1547;1462;1280;1329;1224;1172;1045;929;896;640;710;285;412;167;13;336;106
2017;PROVINSI DKI JAKARTA;JAKARTA SELATAN;SETIA BUDI;KARET;3975;0.9363;12349;449;384;423;391;409;359;438;470;559;562;532;548;563;529;461;428;305;299;199;187;402;462;61;7;132;57
2017;PROVINSI DKI JAKARTA;JAKARTA SELATAN;SETIA BUDI;KARET KUNINGAN;6068;1.789;10469;679;599;710;734;704;743;830;857;912;938;841;810;765;708;629;608;480;533;333;324;100;109;75;6;189;97
2017;PROVINSI DKI JAKARTA;JAKARTA SELATAN;SETIA BUDI;KARET SEMANGGI;1083;0.8979;3383;118;95;123;97;106;104;132;151;122;141;136;147;133;138;103;90;78;81;73;61;517;594;17;3;34;10
2017;PROVINSI DKI JAKARTA;JAKARTA PUSAT;TANAH ABANG;KARET TENGSIN;8071;1.5343;15380;958;885;839;803;797;837;1022;1057;1219;1189;1099;1041;1044;880;809;656;539;534;387;339;966;1285;71;9;284;48
2017;PROVINSI DKI JAKARTA;JAKARTA PUSAT;SAWAH BESAR;KARTINI;10066;0.568;50704;1163;1077;1029;1022;1068;1048;1178;1237;1253;1285;1167;1158;1141;1077;1002;935;876;886;627;654;642;806;127;9;252;103
2017;PROVINSI DKI JAKARTA;JAKARTA TIMUR;MATRAMAN;KAYU MANIS;10166;0.576;51903;1118;1010;1185;1063;1076;1097;1255;1251;1353;1411;1259;1271;1223;1280;1017;1028;807;821;526;571;1435;1675;133;9;327;207
2017;PROVINSI DKI JAKARTA;JAKARTA TIMUR;PULO GADUNG;KAYU PUTIH;16016;4.3715;10735;1754;1616;1716;1574;1667;1693;1991;2087;2308;2315;2092;2267;2056;2004;1496;1506;1074;1102;702;885;510;678;180;17;486;283
2017;PROVINSI DKI JAKARTA;JAKARTA BARAT;TAMAN SARI;KEAGUNGAN;7125;0.3176;64569;724;651;828;760;862;821;987;957;1040;953;971;874;885;731;733;690;600;492;367;424;866;823;118;10;249;113
2017;PROVINSI DKI JAKARTA;JAKARTA SELATAN;PASAR MINGGU;KEBAGUSAN;15751;2.26;22192;1950;1865;1971;1916;2021;2015;2286;2360;2495;2582;2253;2150;1930;1787;1477;1489;1098;1134;725;715;1191;1276;88;8;667;200
2017;PROVINSI DKI JAKARTA;JAKARTA SELATAN;KEBAYORAN LAMA;KEBAYORAN LAMA SELATAN;15103;2.5722;18347;1835;1779;1702;1647;1583;1609;1962;2005;2335;2389;2293;2328;2172;1944;1536;1416;1102;1218;726;794;1125;1119;142;12;501;170
2017;PROVINSI DKI JAKARTA;JAKARTA SELATAN;KEBAYORAN LAMA;KEBAYORAN LAMA UTARA;16226;1.7822;27756;1981;1850;1801;1753;1787;1847;2236;2259;2599;2550;2442;2283;2083;1898;1572;1423;1120;1151;719;775;1006;1275;108;10;515;204
2017;PROVINSI DKI JAKARTA;JAKARTA SELATAN;TEBET;KEBON BARU;13226;1.2929;32351;1618;1586;1570;1411;1423;1432;1733;1791;2014;2021;1902;1915;1750;1689;1339;1241;965;1050;680;763;1171;1433;153;14;474;252
2017;PROVINSI DKI JAKARTA;JAKARTA UTARA;TANJUNG PRIOK;KEBON BAWANG;19856;1.727;35219;2266;2159;2397;2174;2340;2331;2889;2736;3093;3100;2832;2732;2400;2371;1776;1706;1297;1310;781;835;1235;1314;196;16;952;219
2017;PROVINSI DKI JAKARTA;JAKARTA BARAT;KEBON JERUK;KEBON JERUK;18892;3.6915;15968;2169;2014;2228;2270;2278;2477;2863;2846;2941;3098;2728;2665;2394;2298;1824;1849;1399;1383;909;902;810;995;133;13;848;244
2017;PROVINSI DKI JAKARTA;JAKARTA PUSAT;TANAH ABANG;KEBON KACANG;9067;0.71;37899;1063;997;1041;923;1026;957;1184;1091;1288;1170;1057;1002;1032;1067;972;877;759;809;519;580;475;623;152;11;289;72
2017;PROVINSI DKI JAKARTA;JAKARTA PUSAT;GAMBIR;KEBON KELAPA;4705;0.781;16822;572;461;471;463;533;471;499;548;563;578;510;477;542;466;468;441;409;422;288;320;825;936;49;4;111;76
2017;PROVINSI DKI JAKARTA;JAKARTA PUSAT;KEMAYORAN;KEBON KOSONG;12101;1.1577;31065;1528;1382;1277;1239;1217;1311;1490;1629;1606;1804;1569;1488;1520;1389;1122;1036;886;886;556;583;474;712;172;13;397;147
2017;PROVINSI DKI JAKARTA;JAKARTA TIMUR;MATRAMAN;KEBON MANGGIS;6749;0.7821;24946;762;698;825;739;791;700;748;728;778;837;786;798;881;814;713;756;575;592;379;406;811;966;64;4;189;127
2017;PROVINSI DKI JAKARTA;JAKARTA PUSAT;TANAH ABANG;KEBON MELATI;14341;1.2563;32813;1699;1643;1596;1560;1708;1619;1956;1820;1972;1797;1743;1538;1645;1447;1388;1209;1016;956;669;621;1172;1064;162;15;414;92
2017;PROVINSI DKI JAKARTA;JAKARTA TIMUR;MAKASAR;KEBON PALA;17590;2.295;23498;1942;1885;2056;1905;2100;2183;2338;2441;2876;2845;2567;2440;2171;2060;1628;1557;1205;1241;885;928;407;554;144;12;730;220
2017;PROVINSI DKI JAKARTA;JAKARTA PUSAT;MENTENG;KEBON SIRIH;5552;0.834;19182;646;606;634;575;608;568;748;650;734;710;709;647;655;593;534;486;452;425;353;320;539;511;77;10;158;78
2017;PROVINSI DKI JAKARTA;JAKARTA BARAT;CENGKARENG;KEDAUNG KALI ANGKE;12500;2.8135;13168;1321;1233;1476;1352;1516;1481;1797;1813;2050;1977;1766;1692;1629;1439;1216;1127;853;794;493;438;928;983;104;10;525;163
2017;PROVINSI DKI JAKARTA;JAKARTA BARAT;KEBON JERUK;KEDOYA SELATAN;11658;2.2842;15813;1153;1079;1312;1262;1500;1484;1813;1868;1999;1957;1613;1597;1374;1179;1022;1113;873;906;619;669;1443;1376;73;5;520;145
2017;PROVINSI DKI JAKARTA;JAKARTA BARAT;KEBON JERUK;KEDOYA UTARA;16481;3.1478;16286;1754;1640;2028;1921;2075;2110;2537;2596;2735;2726;2284;2213;1929;1846;1493;1515;1223;1329;987;1130;581;637;132;11;676;173
2017;PROVINSI DKI JAKARTA;JAKARTA BARAT;KEBON JERUK;KELAPA DUA;8472;1.5035;17788;945;928;1000;970;1059;1086;1232;1236;1361;1365;1252;1232;1096;1040;877;865;618;633;411;426;1009;916;60;8;329;100
2017;PROVINSI DKI JAKARTA;JAKARTA TIMUR;CIRACAS;KELAPA DUA WETAN;16539;3.3686;15134;1902;1903;1986;2086;2050;2162;2416;2459;2513;2663;2108;2147;1939;1830;1446;1481;1168;1360;956;930;1306;1504;134;12;660;297
2017;PROVINSI DKI JAKARTA;JAKARTA UTARA;KELAPA GADING;KELAPA GADING BARAT;13009;4.5312;8993;1579;1536;1492;1462;1313;1434;1557;1825;1897;2024;1748;1821;1718;1755;1304;1317;953;942;704;796;1860;2037;215;21;466;134
2017;PROVINSI DKI JAKARTA;JAKARTA UTARA;KELAPA GADING;KELAPA GADING TIMUR;12764;5.3058;7449;1208;1174;1223;1165;1420;1441;1820;1915;1902;2131;1576;1614;1221;1415;1105;1217;951;1339;1029;1321;917;1177;247;22;433;200
2017;PROVINSI DKI JAKARTA;JAKARTA BARAT;PALMERAH;KEMANGGISAN;12185;2.1125;17561;1309;1185;1447;1375;1350;1375;1613;1608;1744;1780;1669;1695;1698;1613;1349;1278;964;948;588;639;772;933;114;9;451;228
2017;PROVINSI DKI JAKARTA;JAKARTA PUSAT;KEMAYORAN;KEMAYORAN;8825;0.5255;49755;985;1028;959;922;986;952;1182;1132;1248;1178;1039;993;1024;935;941;791;747;729;519;519;753;794;121;10;312;155
2017;PROVINSI DKI JAKARTA;JAKARTA BARAT;KEMBANGAN;KEMBANGAN SELATAN;9350;3.60675;8276;937;984;1183;1206;1291;1347;1433;1575;1504;1530;1261;1174;1077;993;894;943;789;822;640;565;939;977;78;9;428;98
2017;PROVINSI DKI JAKARTA;JAKARTA BARAT;KEMBANGAN;KEMBANGAN UTARA;19108;3.64675;16625;2158;2085;2453;2350;2441;2594;2974;3039;3198;3041;2775;2631;2391;2184;1821;1790;1358;1307;909;790;338;443;118;11;884;211
2017;PROVINSI DKI JAKARTA;JAKARTA PUSAT;SENEN;KENARI;3891;0.915;12593;454;421;468;435;457;417;521;456;549;488;463;451;461;474;418;414;331;353;256;233;1742;1721;54;8;123;63
2017;PROVINSI DKI JAKARTA;JAKARTA BARAT;TAMBORA;KERENDANG;7907;0.3303;71150;837;805;950;872;1047;1053;1259;1172;1223;1133;1131;861;975;784;740;647;615;528;388;385;532;604;84;7;298;95
2017;PROVINSI DKI JAKARTA;JAKARTA TIMUR;DUREN SAWIT;KLENDER;25973;3.049;26605;3083;2954;2965;3069;3169;3200;3743;3720;4139;4246;3716;3380;3145;2919;2271;2274;1809;1856;1269;1294;430;526;200;18;1022;333
2017;PROVINSI DKI JAKARTA;JAKARTA UTARA;KOJA;KOJA;11638;3.278;10505;1340;1267;1469;1320;1559;1418;1672;1600;1734;1632;1488;1394;1234;1223;1079;1017;773;772;490;397;571;645;147;13;541;195
2017;PROVINSI DKI JAKARTA;JAKARTA BARAT;PALMERAH;KOTA BAMBU SELATAN;8021;0.5759;43405;903;890;974;1009;1024;1003;1162;1152;1346;1246;1105;1063;1055;928;802;751;619;560;332;377;867;1086;83;9;370;168
2017;PROVINSI DKI JAKARTA;JAKARTA BARAT;PALMERAH;KOTA BAMBU UTARA;9464;0.6358;46142;989;948;1180;1058;1160;1205;1416;1416;1528;1481;1297;1124;1151;1023;890;924;722;739;473;467;421;468;108;9;408;198
2017;PROVINSI DKI JAKARTA;JAKARTA PUSAT;SENEN;KRAMAT;12525;0.7087;51681;1597;1422;1497;1317;1486;1393;1715;1546;1735;1639;1500;1396;1465;1302;1237;1167;1002;933;631;630;766;940;96;8;394;199
2017;PROVINSI DKI JAKARTA;JAKARTA TIMUR;KRAMAT JATI;KRAMAT JATI;13044;1.5158;26110;1499;1403;1623;1476;1604;1500;1704;1744;1932;1853;1827;1736;1642;1527;1237;1309;1054;1032;610;614;465;538;108;10;474;227
2017;PROVINSI DKI JAKARTA;JAKARTA SELATAN;KEBAYORAN BARU;KRAMAT PELA;5648;1.2505;13387;644;637;621;648;610;587;739;761;824;714;714;727;675;685;609;582;510;481;328;311;584;843;82;10;179;51
2017;PROVINSI DKI JAKARTA;JAKARTA BARAT;TAMAN SARI;KRUKUT;7624;0.5507;41024;802;811;913;872;922;891;1105;999;1100;1053;938;845;863;859;801;762;644;638;449;461;285;296;112;8;299;142
2017;PROVINSI DKI JAKARTA;JAKARTA SELATAN;MAMPANG PRAPATAN;KUNINGAN BARAT;5076;0.978;15640;599;570;583;565;606;613;660;665;793;745;708;652;677;591;521;438;381;373;239;218;184;201;48;5;196;62
2017;PROVINSI DKI JAKARTA;JAKARTA SELATAN;SETIA BUDI;KUNINGAN TIMUR;2364;2.147;3300;266;275;300;273;264;259;316;302;342;328;312;306;285;296;243;225;189;170;105;99;502;718;30;5;79;33
2017;PROVINSI DKI JAKARTA;JAKARTA PUSAT;SENEN;KWITANG;6459;0.447;42859;735;707;691;716;689;699;801;802;912;901;782;723;705;625;649;639;489;582;410;409;1170;1388;81;9;211;117
2017;PROVINSI DKI JAKARTA;JAKARTA UTARA;KOJA;LAGOA;22755;1.5753;44809;2723;2661;2980;2852;2933;2989;3259;3206;3280;3369;2923;2885;2588;2581;2104;2082;1490;1617;893;943;1114;1175;222;18;1163;434
2017;PROVINSI DKI JAKARTA;JAKARTA SELATAN;CILANDAK;LEBAK BULUS;12970;4.114;10111;1633;1556;1601;1576;1462;1572;1711;1831;1921;1975;1857;1903;1710;1619;1374;1333;1016;1127;733;736;1219;1135;80;9;441;141
2017;PROVINSI DKI JAKARTA;JAKARTA SELATAN;JAGAKARSA;LENTENG AGUNG;18774;2.2774;26556;2406;2326;2337;2265;2346;2361;2647;2739;3039;3048;2614;2624;2310;2188;1791;1806;1375;1479;894;934;1276;1176;114;10;793;329
2017;PROVINSI DKI JAKARTA;JAKARTA TIMUR;CIPAYUNG;LUBANG BUAYA;21485;3.722;19177;2924;2772;2739;2722;2748;2910;3265;3282;3448;3500;3147;2982;2675;2614;2203;2128;1570;1664;1150;1047;896;861;117;12;914;321
2017;PROVINSI DKI JAKARTA;JAKARTA TIMUR;MAKASAR;MAKASAR;12543;1.6102;24604;1526;1336;1444;1463;1525;1598;1747;1808;2025;2043;1763;1675;1506;1456;1195;1244;938;1036;724;724;1193;1446;94;7;583;175
2017;PROVINSI DKI JAKARTA;JAKARTA TIMUR;DUREN SAWIT;MALAKA JAYA;11601;0.9882;36663;1333;1312;1164;1079;1072;1080;1275;1514;1776;1937;1839;1877;1690;1586;1040;1053;683;841;499;765;1113;1283;134;13;418;267
2017;PROVINSI DKI JAKARTA;JAKARTA TIMUR;DUREN SAWIT;MALAKA SARI;10232;1.3823;23550;1164;1138;1088;1015;1006;1082;1241;1402;1543;1748;1556;1602;1411;1387;951;941;661;832;543;760;440;449;137;10;375;196
2017;PROVINSI DKI JAKARTA;JAKARTA SELATAN;MAMPANG PRAPATAN;MAMPANG PRAPATAN;6929;0.777;28115;861;824;806;813;801;853;988;985;1088;1064;1033;924;902;869;729;641;494;545;306;286;375;477;74;7;278;100
2017;PROVINSI DKI JAKARTA;JAKARTA BARAT;TAMAN SARI;MANGGA BESAR;3215;0.511;17368;272;281;337;334;306;305;369;409;412;414;364;366;350;331;304;287;293;301;234;287;997;1206;53;6;76;76
2017;PROVINSI DKI JAKARTA;JAKARTA PUSAT;SAWAH BESAR;MANGGA DUA SELATAN;13381;1.2909;28317;1318;1231;1341;1229;1411;1505;1760;1735;1879;1731;1690;1446;1486;1286;1276;1103;1036;935;709;669;792;913;128;12;412;202
2017;PROVINSI DKI JAKARTA;JAKARTA SELATAN;TEBET;MANGGARAI;11324;0.953;35884;1432;1398;1323;1291;1305;1243;1358;1355;1561;1625;1454;1415;1372;1301;1168;1189;925;980;577;622;606;785;155;12;372;228
2017;PROVINSI DKI JAKARTA;JAKARTA SELATAN;TEBET;MANGGARAI SELATAN;8985;0.5141;52980;1122;1078;1073;958;930;959;1116;1099;1252;1265;1186;1224;1170;1167;975;916;685;725;462;520;652;881;128;10;355;206
2017;PROVINSI DKI JAKARTA;JAKARTA BARAT;TAMAN SARI;MAPHAR;7101;0.5899;32611;644;594;711;728;761;757;871;822;926;924;849;801;776;705;730;644;610;557;451;447;361;371;98;9;209;120
2017;PROVINSI DKI JAKARTA;JAKARTA UTARA;CILINCING;MARUNDA;9388;7.9169;3994;1402;1268;1388;1293;1296;1348;1449;1416;1559;1602;1261;1188;1057;1046;802;778;637;604;333;301;147;189;117;11;561;152
2017;PROVINSI DKI JAKARTA;JAKARTA SELATAN;KEBAYORAN BARU;MELAWAI;1066;1.2505;2578;107;114;131;130;133;114;98;144;123;112;107;126;120;138;132;138;131;123;85;83;864;1088;30;4;29;12
2017;PROVINSI DKI JAKARTA;JAKARTA PUSAT;MENTENG;MENTENG;10322;2.4392;12997;1277;1238;1236;1183;1181;1126;1345;1272;1396;1433;1249;1223;1188;1187;1099;1120;968;995;699;666;691;902;138;10;307;185
2017;PROVINSI DKI JAKARTA;JAKARTA SELATAN;SETIA BUDI;MENTENG ATAS;10870;0.904;36179;1287;1272;1127;1172;1005;1148;1268;1358;1580;1662;1485;1536;1466;1394;1083;1139;879;839;524;568;925;1124;150;13;408;246
2017;PROVINSI DKI JAKARTA;JAKARTA SELATAN;TEBET;MENTENG DALAM;13962;2.1;20404;1717;1602;1586;1476;1408;1480;1841;1880;2070;2099;1959;1827;1841;1793;1486;1451;1085;1121;672;661;689;655;139;13;470;227
2017;PROVINSI DKI JAKARTA;JAKARTA BARAT;KEMBANGAN;MERUYA SELATAN;10945;2.8;12593;1273;1274;1331;1261;1359;1489;1670;1795;1801;1812;1570;1564;1420;1269;978;964;717;829;578;613;1249;1236;84;11;524;184
2017;PROVINSI DKI JAKARTA;JAKARTA BARAT;KEMBANGAN;MERUYA UTARA;15779;4.3288;11265;1638;1617;1742;1681;1917;2036;2441;2548;2653;2632;2155;2176;1917;1674;1405;1274;1018;1170;873;1028;463;459;126;11;635;182
2017;PROVINSI DKI JAKARTA;JAKARTA TIMUR;CIPAYUNG;MUNJUL;8054;1.903;13776;1087;944;1014;1016;1053;1024;1098;1178;1311;1327;1152;1148;1019;954;783;779;597;615;404;391;1708;1924;75;8;356;133
2017;PROVINSI DKI JAKARTA;KAB.ADM.KEP.SERIBU;KEP. SERIBU UTR;P. HARAPAN;725;2.4472;1019;124;119;90;119;129;119;122;104;116;96;82;88;81;89;64;65;44;34;35;28;1175;1509;15;3;29;8
2017;PROVINSI DKI JAKARTA;KAB.ADM.KEP.SERIBU;KEP. SERIBU UTR;P. KELAPA;2048;2.5847;2713;321;338;289;321;301;280;340;322;294;262;243;245;225;208;190;175;128;156;110;84;1476;1693;31;5;145;14
2017;PROVINSI DKI JAKARTA;KAB.ADM.KEP.SERIBU;KEP. SERIBU UTR;P. PANGGANG;1970;0.621;10858;330;326;303;297;332;315;269;261;293;292;233;241;230;196;155;157;136;120;73;80;572;745;29;5;105;11
2017;PROVINSI DKI JAKARTA;KAB.ADM.KEP.SERIBU;KEP. SERIBU SLT;P. PARI;982;0.9457;3540;145;145;138;157;164;160;168;160;156;158;110;103;110;82;67;60;53;60;34;31;495;508;14;4;61;4
2017;PROVINSI DKI JAKARTA;KAB.ADM.KEP.SERIBU;KEP. SERIBU SLT;P. TIDUNG;1610;1.069;5262;256;277;239;243;264;264;257;226;218;252;197;183;186;174;134;126;114;108;75;67;779;800;29;4;82;33
2017;PROVINSI DKI JAKARTA;KAB.ADM.KEP.SERIBU;KEP. SERIBU SLT;P. UNTUNG JAWA;668;1.0285;2303;98;97;92;88;105;106;103;90;113;124;86;82;92;96;57;46;36;29;23;39;783;962;9;3;38;3
2017;PROVINSI DKI JAKARTA;JAKARTA UTARA;PADEMANGAN;PADEMANGAN BARAT;29764;3.5335;25422;3498;3308;3427;3251;3732;3642;4346;4254;4878;4424;4077;3632;3406;3050;2630;2383;2020;1983;1249;1441;653;752;215;16;1289;425
2017;PROVINSI DKI JAKARTA;JAKARTA UTARA;PADEMANGAN;PADEMANGAN TIMUR;13879;2.6124;16316;1503;1419;1436;1468;1582;1564;1946;2003;2221;2174;1906;1847;1671;1587;1313;1262;1129;1127;757;917;829;1019;155;11;560;240
2017;PROVINSI DKI JAKARTA;JAKARTA TIMUR;MATRAMAN;PAL MERIAM;8032;0.6539;35966;879;856;891;825;913;952;1036;995;1069;1083;1060;962;930;949;838;798;679;669;421;463;725;906;128;10;284;142
2017;PROVINSI DKI JAKARTA;JAKARTA BARAT;PALMERAH;PALMERAH;23054;2.3315;30678;2588;2483;2760;2631;2924;2724;3314;3381;3757;3633;3304;3208;3014;2836;2299;2175;1721;1859;1205;1198;1191;1497;176;17;934;378
2017;PROVINSI DKI JAKARTA;JAKARTA SELATAN;PANCORAN;PANCORAN;7081;1.218;18323;870;796;838;762;841;849;1016;1076;1124;1083;1016;1015;890;833;671;621;531;522;318;367;761;914;60;5;275;103
2017;PROVINSI DKI JAKARTA;JAKARTA UTARA;TANJUNG PRIOK;PAPANGGO;14855;2.80175;16624;1837;1766;1838;1814;1913;1883;2281;2132;2380;2339;2140;2042;1744;1638;1298;1288;938;986;611;637;1547;1710;127;13;614;213
2017;PROVINSI DKI JAKARTA;JAKARTA PUSAT;SAWAH BESAR;PASAR BARU;5622;1.8895;8521;574;527;539;543;532;529;686;691;713;727;611;610;626;613;571;579;517;511;417;471;2297;2786;76;8;115;62
2017;PROVINSI DKI JAKARTA;JAKARTA SELATAN;SETIA BUDI;PASAR MANGGIS;10436;0.78;40727;1306;1211;1284;1210;1196;1164;1429;1411;1455;1484;1352;1382;1325;1212;1028;992;827;842;504;531;1000;1052;142;12;424;223
2017;PROVINSI DKI JAKARTA;JAKARTA SELATAN;PASAR MINGGU;PASAR MINGGU;9323;2.786;10221;1045;972;1172;1042;1081;958;1149;1165;1329;1324;1281;1303;1159;1233;1005;928;685;719;435;463;1261;1410;110;10;317;149
2017;PROVINSI DKI JAKARTA;JAKARTA PUSAT;SENEN;PASEBAN;10094;0.7141;41036;1117;1094;1129;1086;1156;1211;1342;1201;1328;1277;1231;1125;1191;1115;1038;1041;787;878;591;550;747;691;115;8;336;156
2017;PROVINSI DKI JAKARTA;JAKARTA BARAT;KALI DERES;PEGADUNGAN;25619;8.668;9310;3473;3248;3412;3322;3251;3368;3530;3854;4061;4217;3515;3500;3320;3323;2653;2449;1855;1632;1018;922;810;1091;198;20;1145;315
2017;PROVINSI DKI JAKARTA;JAKARTA PUSAT;MENTENG;PEGANGSAAN;9409;0.9825;29461;1226;1174;1143;1110;1081;1012;1204;1114;1252;1252;1174;1148;1160;1097;1042;1045;832;872;561;538;1126;1227;104;8;320;159
2017;PROVINSI DKI JAKARTA;JAKARTA UTARA;KELAPA GADING;PEGANGSAAN DUA;18332;6.2842;8931;1922;1924;2122;2059;2170;2408;2450;2671;2776;2758;2254;2370;2099;2009;1798;1940;1572;1644;1093;1238;557;605;259;26;731;209
2017;PROVINSI DKI JAKARTA;JAKARTA UTARA;PENJARINGAN;PEJAGALAN;28701;3.2318;27298;3142;3031;3238;3126;3485;3504;4302;4342;4753;4520;3895;3629;3269;3044;2623;2516;2262;2302;1609;1802;1718;1383;222;18;1056;485
2017;PROVINSI DKI JAKARTA;JAKARTA SELATAN;PASAR MINGGU;PEJATEN BARAT;13543;2.8979;14759;1575;1540;1680;1594;1636;1669;1853;1916;2109;2164;1887;1878;1760;1730;1459;1348;1008;1093;648;705;1486;1551;101;8;523;238
2017;PROVINSI DKI JAKARTA;JAKARTA SELATAN;PASAR MINGGU;PEJATEN TIMUR;20900;2.6783;25047;2564;2472;2577;2553;2533;2579;3014;3051;3384;3379;3037;2937;2704;2585;2067;2022;1498;1519;926;947;764;816;146;11;837;304
2017;PROVINSI DKI JAKARTA;JAKARTA TIMUR;PASAR REBO;PEKAYON;15119;3.1773;15383;1716;1690;1927;1797;1992;2053;2285;2413;2636;2535;2107;2030;1775;1717;1437;1392;1174;1159;767;730;771;1003;116;10;715;202
2017;PROVINSI DKI JAKARTA;JAKARTA BARAT;TAMBORA;PEKOJAN;9175;0.778;34523;956;841;1079;1014;1094;975;1185;1160;1179;1265;1198;1084;1095;1037;910;915;832;863;559;618;360;484;144;12;328;181
2017;PROVINSI DKI JAKARTA;JAKARTA SELATAN;MAMPANG PRAPATAN;PELA MAMPANG;16486;1.6232;31623;2011;1932;1926;1928;1929;1892;2131;2217;2591;2491;2358;2314;2231;2090;1723;1669;1302;1317;799;804;577;766;157;14;549;245
2017;PROVINSI DKI JAKARTA;JAKARTA SELATAN;PANCORAN;PENGADEGAN;7857;0.943;25416;839;820;879;870;822;939;1033;1071;1270;1144;1085;1052;1028;1030;820;836;592;598;372;366;768;951;84;8;298;115
2017;PROVINSI DKI JAKARTA;JAKARTA TIMUR;CAKUNG;PENGGILINGAN;34319;4.4845;24460;4299;4067;4407;4277;4408;4566;5378;5394;5656;5624;4674;4428;4132;3889;3098;2866;2290;2527;1639;1521;845;879;232;18;1520;491
2017;PROVINSI DKI JAKARTA;JAKARTA UTARA;PENJARINGAN;PENJARINGAN;35924;3.9543;26605;4308;4065;4100;3830;4312;4350;5237;4927;5810;5365;4975;4336;4196;3532;3166;2707;2416;2030;1396;1260;1310;1234;250;17;1513;427
2017;PROVINSI DKI JAKARTA;JAKARTA SELATAN;PESANGGRAHAN;PESANGGRAHAN;9613;2.1025;14931;1232;1194;1233;1028;1133;1190;1324;1346;1554;1623;1468;1451;1231;1213;964;849;609;659;468;565;513;486;85;8;356;130
2017;PROVINSI DKI JAKARTA;JAKARTA PUSAT;TANAH ABANG;PETAMBURAN;13891;0.901;47053;1787;1664;1700;1547;1635;1672;1966;1887;2145;1895;1768;1614;1620;1478;1355;1227;1138;974;637;594;417;482;122;11;534;40
2017;PROVINSI DKI JAKARTA;JAKARTA SELATAN;KEBAYORAN BARU;PETOGOGAN;4519;0.8646;15751;559;477;524;487;444;479;592;586;726;590;587;527;634;571;523;463;386;378;289;261;788;1068;76;6;167;69
2017;PROVINSI DKI JAKARTA;JAKARTA PUSAT;GAMBIR;PETOJO SELATAN;6350;1.136;16004;668;639;736;628;926;667;788;704;798;756;716;718;722;633;609;613;535;538;388;417;1001;1285;84;8;223;105
2017;PROVINSI DKI JAKARTA;JAKARTA PUSAT;GAMBIR;PETOJO UTARA;7336;1.1184;19813;898;843;821;763;827;783;943;899;985;957;881;912;905;862;800;724;664;659;453;481;2341;2524;101;8;233;142
2017;PROVINSI DKI JAKARTA;JAKARTA SELATAN;PESANGGRAHAN;PETUKANGAN SELATAN;12790;2.1009;19787;1625;1537;1566;1579;1604;1754;1863;1904;2111;2181;1852;1732;1615;1525;1166;1184;996;1039;678;700;1774;1640;84;8;574;175
2017;PROVINSI DKI JAKARTA;JAKARTA SELATAN;PESANGGRAHAN;PETUKANGAN UTARA;18735;2.9924;20305;2376;2266;2277;2152;2240;2327;2572;2860;3137;3229;2755;2728;2371;2172;1718;1701;1250;1383;955;1078;2069;1864;122;11;800;238
2017;PROVINSI DKI JAKARTA;JAKARTA TIMUR;MAKASAR;PINANG RANTI;9620;2.3515;12814;1210;1096;1222;1190;1173;1272;1375;1385;1516;1513;1290;1273;1117;1112;889;906;647;674;481;436;939;882;54;5;435;49
2017;PROVINSI DKI JAKARTA;JAKARTA BARAT;TAMAN SARI;PINANGSIA;4687;0.9619;13118;421;368;462;456;482;471;588;586;701;656;577;548;560;452;407;353;380;347;268;283;1234;1374;57;7;139;74
2017;PROVINSI DKI JAKARTA;JAKARTA TIMUR;MATRAMAN;PISANGAN BARU;12459;0.6754;55010;1521;1380;1368;1438;1364;1340;1476;1471;1650;1782;1650;1538;1535;1520;1307;1253;1033;1044;656;682;1885;2024;166;15;431;268
2017;PROVINSI DKI JAKARTA;JAKARTA TIMUR;PULO GADUNG;PISANGAN TIMUR;15630;1.7921;26924;1804;1698;1777;1765;1838;1823;2145;2072;2192;2230;2071;2133;2025;1877;1629;1599;1252;1278;813;854;376;401;166;14;505;298
2017;PROVINSI DKI JAKARTA;JAKARTA UTARA;PENJARINGAN;PLUIT;16572;7.7119;6794;1632;1609;1750;1735;2076;2189;2437;2524;2626;2693;2113;2157;1657;1761;1326;1528;1342;1599;1291;1486;37;55;254;21;631;231
2017;PROVINSI DKI JAKARTA;JAKARTA TIMUR;DUREN SAWIT;PONDOK BAMBU;22176;4.897;14156;2668;2450;2465;2327;2619;2641;3221;3283;3600;3693;3283;3056;2791;2610;2082;2026;1575;1626;1136;1345;91;97;182;13;877;279
2017;PROVINSI DKI JAKARTA;JAKARTA TIMUR;DUREN SAWIT;PONDOK KELAPA;24307;5.7215;13816;3063;3002;2963;2953;3004;3144;3604;3939;3855;3910;3534;3426;2929;2927;2264;2256;1753;2016;1457;1599;112;120;166;14;1043;356
2017;PROVINSI DKI JAKARTA;JAKARTA TIMUR;DUREN SAWIT;PONDOK KOPI;12302;2.06;19442;1543;1434;1587;1549;1554;1708;1981;1930;1957;2006;1630;1565;1449;1466;1143;1168;918;1022;723;753;65;54;107;11;527;131
2017;PROVINSI DKI JAKARTA;JAKARTA SELATAN;CILANDAK;PONDOK LABU;15879;3.911;13166;2065;2108;1860;1835;1650;1804;1990;2244;2511;2613;2286;2530;2243;2089;1742;1606;1160;1184;778;750;84;112;98;10;492;183
2017;PROVINSI DKI JAKARTA;JAKARTA SELATAN;KEBAYORAN LAMA;PONDOK PINANG;19702;6.84;9310;2438;2394;2443;2269;2268;2411;2713;2812;3007;3155;2793;2736;2615;2485;1939;2079;1541;1634;1090;1232;45;47;189;17;596;265
2017;PROVINSI DKI JAKARTA;JAKARTA TIMUR;CIPAYUNG;PONDOK RANGGON;8036;3.66015;7428;1044;1038;1117;1126;1065;1190;1229;1286;1272;1269;1115;1105;1005;957;890;815;661;624;371;282;208;329;63;6;411;99
2017;PROVINSI DKI JAKARTA;JAKARTA SELATAN;KEBAYORAN BARU;PULO;2225;1.268;5351;262;279;254;248;237;234;232;257;261;276;259;287;268;319;255;316;247;231;178;188;902;970;47;6;51;48
2017;PROVINSI DKI JAKARTA;JAKARTA TIMUR;PULO GADUNG;PULO GADUNG;13245;1.923;20522;1454;1350;1455;1485;1497;1550;1870;1850;2105;1974;1814;1732;1676;1516;1284;1216;980;890;566;602;2006;1631;119;11;410;82
2017;PROVINSI DKI JAKARTA;JAKARTA TIMUR;CAKUNG;PULO GEBANG;33079;6.92;15267;4273;4062;4278;4163;4399;4556;5007;5098;5058;5250;4286;4269;4009;3816;2965;3027;2396;2584;1816;1710;1013;1125;198;17;1323;412
2017;PROVINSI DKI JAKARTA;JAKARTA SELATAN;PASAR MINGGU;RAGUNAN;14614;5.0474;8987;1727;1629;1667;1594;1602;1688;1891;1973;2331;2379;2211;2138;1947;1813;1433;1426;1051;1174;709;683;756;712;108;11;537;244
2017;PROVINSI DKI JAKARTA;JAKARTA TIMUR;CIRACAS;RAMBUTAN;13067;2.09;20127;1595;1492;1672;1601;1662;1750;1949;1970;2154;2125;1790;1795;1643;1501;1271;1158;918;948;651;641;720;723;87;6;482;233
2017;PROVINSI DKI JAKARTA;JAKARTA UTARA;KOJA;RAWA BADAK SELATAN;15803;1.0162;48847;1932;1805;2042;1968;2123;2058;2484;2492;2585;2583;2075;2067;1716;1577;1249;1289;955;1049;637;631;803;864;109;11;761;272
2017;PROVINSI DKI JAKARTA;JAKARTA UTARA;KOJA;RAWA BADAK UTARA;12965;1.3338;30828;1621;1497;1639;1476;1672;1593;1909;1918;2121;2081;1761;1797;1547;1480;1105;1143;829;887;550;619;224;321;119;14;675;268
2017;PROVINSI DKI JAKARTA;JAKARTA SELATAN;KEBAYORAN BARU;RAWA BARAT;2166;0.6924;9352;257;206;259;237;221;223;239;267;260;278;259;260;251;275;270;294;214;243;149;155;1232;1117;45;7;77;42
2017;PROVINSI DKI JAKARTA;JAKARTA BARAT;CENGKARENG;RAWA BUAYA;22941;4.069;17383;2620;2494;2752;2617;2963;3007;3634;3730;3828;3846;3291;3021;2849;2533;1964;1966;1576;1533;996;973;581;704;140;12;942;199
2017;PROVINSI DKI JAKARTA;JAKARTA TIMUR;JATINEGARA;RAWA BUNGA;8410;0.8765;28890;879;874;983;971;959;996;1113;1083;1180;1139;1053;1006;980;968;834;800;659;672;480;509;381;327;109;9;309;193
2017;PROVINSI DKI JAKARTA;JAKARTA SELATAN;PANCORAN;RAWA JATI;7695;1.44;15400;774;772;770;782;787;907;1113;1118;1128;1141;989;1018;956;940;710;663;484;533;341;376;511;565;101;11;326;105
2017;PROVINSI DKI JAKARTA;JAKARTA TIMUR;CAKUNG;RAWA TERATE;10420;3.3;9086;1093;1029;1155;1146;1303;1199;1589;1457;1718;1578;1341;1301;1277;1040;857;768;684;632;403;317;1105;1500;60;6;419;77
2017;PROVINSI DKI JAKARTA;JAKARTA TIMUR;PULO GADUNG;RAWAMANGUN;14673;2.601;16908;1647;1543;1616;1590;1519;1614;1914;1835;2029;2061;1956;2036;1889;1850;1512;1516;1067;1135;765;769;703;862;167;15;475;269
2017;PROVINSI DKI JAKARTA;JAKARTA PUSAT;CEMPAKA PUTIH;RAWASARI;9191;1.2475;21312;981;1010;935;909;995;941;1079;1157;1226;1250;1169;1207;1062;1137;987;928;705;733;491;453;216;283;118;9;315;90
2017;PROVINSI DKI JAKARTA;JAKARTA BARAT;TAMBORA;ROA MALAKA;1485;0.531;7441;109;114;120;122;137;133;162;150;178;169;144;179;154;157;151;138;156;131;146;137;653;569;27;3;34;28
2017;PROVINSI DKI JAKARTA;JAKARTA UTARA;CILINCING;ROROTAN;13354;10.637;4279;1893;1785;1922;1810;1759;1910;2180;2177;2267;2413;1913;1923;1593;1477;1106;1034;791;829;547;523;162;218;144;13;793;192
2017;PROVINSI DKI JAKARTA;JAKARTA SELATAN;KEBAYORAN BARU;SELONG;1258;1.4;2463;120;135;114;125;99;100;117;109;132;141;127;160;167;170;172;129;116;139;84;99;880;885;35;4;23;15
2017;PROVINSI DKI JAKARTA;JAKARTA BARAT;KALI DERES;SEMANAN;25573;5.98;13347;3176;2965;3340;3164;3407;3325;3899;3967;4440;4505;3743;3613;3180;2880;2291;2081;1538;1396;830;755;1486;1508;117;12;1215;315
2017;PROVINSI DKI JAKARTA;JAKARTA UTARA;CILINCING;SEMPER BARAT;26411;1.5907;51127;3243;3033;3174;3101;3359;3296;3734;3818;4122;4363;3524;3549;3031;2932;2120;2083;1603;1765;1012;1092;774;841;246;17;1340;384
2017;PROVINSI DKI JAKARTA;JAKARTA UTARA;CILINCING;SEMPER TIMUR;13295;3.1615;13289;1707;1702;1746;1614;1704;1557;1741;1809;1977;2146;1810;1910;1711;1612;1212;1095;917;903;460;497;111;142;107;11;651;227
2017;PROVINSI DKI JAKARTA;JAKARTA SELATAN;KEBAYORAN BARU;SENAYAN;1254;1.531;2340;144;120;124;140;102;125;125;145;169;168;148;155;162;157;138;134;118;94;86;76;239;267;24;3;24;14
2017;PROVINSI DKI JAKARTA;JAKARTA PUSAT;SENEN;SENEN;3219;0.809;10852;297;314;310;295;321;342;482;389;446;422;404;344;325;311;271;259;255;223;166;152;961;1174;37;5;77;43
2017;PROVINSI DKI JAKARTA;JAKARTA PUSAT;KEMAYORAN;SERDANG;12076;0.8223;45288;1622;1519;1380;1376;1228;1218;1370;1429;1630;1721;1621;1616;1732;1607;1335;1225;865;882;518;556;97;113;113;7;418;223
2017;PROVINSI DKI JAKARTA;JAKARTA SELATAN;SETIA BUDI;SETIA BUDI;1274;0.7394;4812;133;131;136;113;116;124;144;143;192;182;151;150;137;182;146;136;109;97;65;74;359;381;17;3;40;14
2017;PROVINSI DKI JAKARTA;JAKARTA TIMUR;CIPAYUNG;SETU;6657;3.2512;6725;939;823;833;859;844;892;957;952;1026;1065;978;978;880;805;647;604;482;489;323;281;456;512;44;6;307;98
2017;PROVINSI DKI JAKARTA;JAKARTA BARAT;PALMERAH;SLIPI;6371;0.9742;19730;737;614;797;672;698;744;951;896;979;966;833;807;785;700;676;647;486;535;333;353;1004;1008;81;7;241;125
2017;PROVINSI DKI JAKARTA;JAKARTA BARAT;KEMBANGAN;SRENGSENG;15530;4.916;10159;1960;1757;2065;1890;2035;2153;2331;2412;2442;2560;2273;2200;1951;1794;1442;1418;1110;1117;764;760;1323;1372;98;12;696;190
2017;PROVINSI DKI JAKARTA;JAKARTA SELATAN;JAGAKARSA;SRENGSENG SAWAH;20121;6.747;9534;2661;2535;2624;2396;2441;2412;2726;2761;3059;3181;2861;2945;2700;2571;1996;1870;1395;1433;933;954;666;671;157;19;866;325
2017;PROVINSI DKI JAKARTA;JAKARTA BARAT;KEBON JERUK;SUKABUMI SELATAN;13288;1.5688;27060;1463;1483;1659;1647;1730;1868;2128;2163;2382;2257;1994;1809;1681;1546;1273;1222;948;894;525;539;938;976;78;8;633;227
2017;PROVINSI DKI JAKARTA;JAKARTA BARAT;KEBON JERUK;SUKABUMI UTARA;13635;1.5709;27858;1609;1439;1611;1700;1678;1839;2196;2052;2236;2277;1975;1921;1839;1613;1257;1316;987;1046;660;690;868;696;103;11;643;211
2017;PROVINSI DKI JAKARTA;JAKARTA UTARA;CILINCING;SUKAPURA;22677;5.614;11633;2411;2277;2326;2374;2570;2758;3418;3805;4035;4874;3108;3057;2368;1929;1354;1280;953;1028;752;786;805;960;120;12;1006;181
2017;PROVINSI DKI JAKARTA;JAKARTA PUSAT;KEMAYORAN;SUMUR BATU;9493;1.149;24675;1039;1052;980;905;979;912;1209;1271;1345;1462;1381;1278;1194;1161;859;772;654;705;472;552;591;810;106;8;325;133
2017;PROVINSI DKI JAKARTA;JAKARTA UTARA;TANJUNG PRIOK;SUNGAI BAMBU;11736;2.364;15173;1470;1320;1478;1366;1466;1371;1689;1588;1723;1758;1576;1523;1420;1337;1087;1059;877;904;504;440;2290;2383;104;10;543;194
2017;PROVINSI DKI JAKARTA;JAKARTA UTARA;TANJUNG PRIOK;SUNTER AGUNG;26461;7.0226;11881;2940;2730;3105;2950;3081;3308;3919;4034;4080;4204;3652;3582;3109;3053;2450;2635;2044;2463;1641;1718;1648;1605;280;20;1027;253
2017;PROVINSI DKI JAKARTA;JAKARTA UTARA;TANJUNG PRIOK;SUNTER JAYA;22975;4.5817;15911;2632;2502;2679;2602;2815;3056;3659;3664;3934;3844;3212;2877;2511;2391;2003;2091;1741;2021;1428;1390;792;730;228;15;975;267
2017;PROVINSI DKI JAKARTA;JAKARTA TIMUR;CIRACAS;SUSUKAN;14024;2.1885;19549;1516;1481;1708;1575;1647;1761;2057;2121;2331;2187;1892;1810;1718;1506;1311;1243;928;970;689;632;663;859;89;7;548;127
2017;PROVINSI DKI JAKARTA;JAKARTA BARAT;TAMAN SARI;TAMAN SARI;5836;0.6772;24972;609;579;658;635;658;625;695;733;761;774;726;676;651;645;595;624;529;527;390;433;344;499;106;8;188;110
2017;PROVINSI DKI JAKARTA;JAKARTA BARAT;TAMBORA;TAMBORA;4301;0.2833;43244;423;396;480;449;501;478;583;551;618;597;557;479;491;419;397;380;356;340;243;253;834;1151;59;7;142;64
2017;PROVINSI DKI JAKARTA;JAKARTA BARAT;TAMBORA;TANAH SEREAL;10184;0.6157;49571;1067;968;1159;1233;1306;1211;1431;1370;1465;1397;1303;1280;1245;1081;971;984;905;903;602;638;993;1248;158;15;365;217
2017;PROVINSI DKI JAKARTA;JAKARTA PUSAT;JOHAR BARU;TANAH TINGGI;15527;0.6229;76118;2056;1933;1883;1785;1887;1780;2160;2103;2231;2107;1997;1757;1817;1687;1522;1404;1226;1206;763;735;501;642;196;14;572;240
2017;PROVINSI DKI JAKARTA;JAKARTA BARAT;TAMAN SARI;TANGKI;5646;3.747;4063;489;511;611;579;560;544;665;729;729;750;650;684;622;630;547;524;425;445;329;376;896;906;83;7;165;95
2017;PROVINSI DKI JAKARTA;JAKARTA SELATAN;JAGAKARSA;TANJUNG BARAT;13599;3.6464;12295;1696;1680;1779;1669;1726;1795;1938;2017;2233;2264;1994;2014;1790;1651;1357;1341;987;1081;635;630;876;1074;66;6;573;181
2017;PROVINSI DKI JAKARTA;JAKARTA BARAT;GROGOL PETAMBURAN;TANJUNG DUREN SELATAN;10091;1.769;15911;812;735;899;871;1049;1055;1358;1429;1665;1681;1369;1366;1202;1167;887;854;587;715;460;565;812;1040;99;8;390;116
2017;PROVINSI DKI JAKARTA;JAKARTA BARAT;GROGOL PETAMBURAN;TANJUNG DUREN UTARA;6839;1.3356;14615;562;469;605;563;622;719;835;939;1074;1162;973;927;726;735;542;593;486;533;349;561;625;787;90;7;213;112
2017;PROVINSI DKI JAKARTA;JAKARTA UTARA;TANJUNG PRIOK;TANJUNG PRIOK;14127;5.54;7594;1610;1558;1677;1605;1615;1637;1938;1835;2131;2151;1926;2067;1690;1656;1265;1202;900;908;529;500;789;991;158;16;599;205
2017;PROVINSI DKI JAKARTA;JAKARTA SELATAN;TEBET;TEBET BARAT;8093;1.716;14333;961;976;893;897;818;840;888;989;1009;1034;1045;1104;1067;1110;985;966;709;753;428;543;664;960;103;8;282;158
2017;PROVINSI DKI JAKARTA;JAKARTA SELATAN;TEBET;TEBET TIMUR;6777;1.389;15143;881;841;792;727;628;664;690;812;815;907;854;899;947;1033;840;891;610;670;436;438;1328;1295;110;11;177;133
2017;PROVINSI DKI JAKARTA;JAKARTA BARAT;KALI DERES;TEGAL ALUR;30518;4.9669;18853;3596;3479;3705;3673;4166;4145;4776;4938;5443;5223;4237;4080;3541;3289;2611;2421;1812;1829;1126;1133;674;728;165;16;1405;389
2017;PROVINSI DKI JAKARTA;JAKARTA SELATAN;MAMPANG PRAPATAN;TEGAL PARANG;12265;1.056;36156;1535;1391;1496;1386;1539;1555;1780;1758;1982;1885;1765;1669;1533;1370;1211;1134;855;839;503;526;885;939;66;7;488;149
2017;PROVINSI DKI JAKARTA;JAKARTA BARAT;GROGOL PETAMBURAN;TOMANG;11692;1.8765;18020;1239;1154;1297;1203;1289;1251;1493;1434;1637;1673;1532;1537;1533;1415;1209;1194;892;908;631;663;1030;1376;174;16;424;168
2017;PROVINSI DKI JAKARTA;JAKARTA UTARA;KOJA;TUGU SELATAN;14376;2.68;16891;1703;1661;1886;1760;2020;2076;2325;2297;2402;2337;1887;1891;1575;1487;1151;1149;900;898;540;445;574;503;95;7;810;173
2017;PROVINSI DKI JAKARTA;JAKARTA UTARA;KOJA;TUGU UTARA;25853;3.32;24494;3158;2924;3205;3146;3404;3350;3907;3827;4021;4165;3481;3424;2889;2783;2086;2034;1606;1856;1089;1251;1501;1545;214;19;1472;426
2017;PROVINSI DKI JAKARTA;JAKARTA TIMUR;CAKUNG;UJUNG MENTENG;10488;5.03511;6638;1292;1246;1317;1257;1271;1359;1543;1549;1634;1765;1463;1453;1366;1298;999;927;773;780;497;464;549;520;103;10;458;106
2017;PROVINSI DKI JAKARTA;JAKARTA SELATAN;PESANGGRAHAN;ULUJAMI;14332;1.705;27367;1792;1709;1728;1691;1693;1781;2122;2155;2454;2442;2232;2122;1921;1721;1371;1270;1021;1016;671;694;969;910;95;9;604;220
2017;PROVINSI DKI JAKARTA;JAKARTA TIMUR;MATRAMAN;UTAN KAYU SELATAN;12661;1.1222;34700;1465;1424;1434;1396;1280;1339;1541;1590;1784;1851;1694;1733;1678;1631;1342;1361;1073;1078;697;738;1016;1269;173;14;488;239
2017;PROVINSI DKI JAKARTA;JAKARTA TIMUR;MATRAMAN;UTAN KAYU UTARA;11215;1.074;30936;1295;1154;1265;1218;1254;1193;1347;1419;1556;1632;1487;1488;1452;1329;1130;1067;845;884;555;571;741;906;134;10;367;209
2017;PROVINSI DKI JAKARTA;JAKARTA PUSAT;KEMAYORAN;UTAN PANJANG;12254;0.54025;68104;1579;1420;1395;1310;1415;1375;1672;1641;1755;1678;1576;1444;1440;1296;1206;1112;945;885;599;596;730;906;139;10;479;210
2017;PROVINSI DKI JAKARTA;JAKARTA UTARA;TANJUNG PRIOK;WARAKAS;17676;1.0884;49014;2023;2049;2037;1996;2213;2063;2518;2334;2697;2715;2458;2436;2054;2087;1560;1512;1128;1123;657;656;836;1032;184;14;863;197
2017;PROVINSI DKI JAKARTA;JAKARTA BARAT;GROGOL PETAMBURAN;WIJAYA KUSUMA;15086;2.2;20385;1475;1373;1611;1601;1876;1906;2383;2290;2625;2471;2119;1854;1773;1590;1371;1243;1121;1078;777;852;1108;1138;127;10;574;168
